Japanese,English,Reading
いる,to be (verb - animate),イル
こと,thing/matter,コト
の,of (possessive particle),ノ
する,to do (verb),スル
ある,to be/exist (verb - inanimate),アル
なる,to become (verb),ナル
よう,appearance/manner,ヨウ
その,that (pre-noun),ソノ
できる,can/to be able (verb),デキル
この,this (pre-noun),コノ
思う,to think (verb),オモウ
言う,to say (verb),イウ
もの,thing/object,モノ
ため,for the sake of,タメ
人,person/people,ヒト
場合,case/situation,バアイ
ない,to not exist/not have (verb),ナイ
くる,to come (verb),クル
とき,time/when,トキ
自分,myself/oneself,ジブン
いく,to go (verb),イク
ほう,direction/method,ホウ
行う,to perform/conduct (verb),オコナウ
ん,(informal sentence ending),ン
下さる,to give (honorific verb),クダサル
見る,to see/look (verb),ミル
よい,good (adj),ヨイ
考える,to think (verb),カンガエル
必要な,necessary (adj),ヒツヨウナ
必要,necessity,ヒツヨウ
しまう,to finish/put away (verb),シマウ
なか,inside,ナカ
多い,many/numerous (adj),オオイ
持つ,to have/hold (verb),モツ
おる,to be (humble verb),オル
月,moon/month,ツキ
今,now,イマ
分かる,to understand (verb),ワカル
問題,problem/question,モンダイ
いい,good (adj),イイ
情報,information,ジョウホウ
ところ,place,トコロ
使う,to use (verb),ツカウ
他,other/another,ホカ
出る,to go out/exit (verb),デル
いただく,to receive (humble verb),イタダク
みる,to see/look (verb),ミル
子供,child,コドモ
どう,how,ドウ
前,front/before,マエ
本,book,ホン
力,power/strength,チカラ
時間,time/hour,ジカン
可能な,possible (adj),カノウナ
可能,possibility,カノウ
作る,to make (verb),ツクル
やる,to do (verb - casual),ヤル
家,home,ウチ
社会,society,シャカイ
受ける,to receive (verb),ウケル
くれる,to give (verb - to me),クレル
関係,relationship,カンケイ
知る,to know (verb),シル
体,body,カラダ
高い,high/expensive (adj),タカイ
わけ,reason,ワケ
入る,to enter (verb),ハイル
以上,more than/that's all,イジョウ
行く,to go (verb),イク
聞く,to listen/ask (verb),キク
気,spirit/mood,キ
同じ,same (adj),オナジ
てる,(casual progressive form),テル
上,above,ウエ
生活,daily life,セイカツ
全て,all,スベテ
世界,world,セカイ
方法,method,ホウホウ
研究,research,ケンキュウ
感じる,to feel (verb),カンジル
一つ,one,ヒトツ
事業,business,ジギョウ
地域,region,チイキ
利用,use,リヨウ
仕事,work,シゴト
書く,to write (verb),カク
そう,so/that way,ソウ
企業,company,キギョウ
環境,environment,カンキョウ
さらに,furthermore,サラニ
来る,to come (verb),クル
現在,present/now,ゲンザイ
話,talk/story,ハナシ
のち,later/after,ノチ
活動,activity,カツドウ
人間,human,ニンゲン
内容,content,ナイヨウ
大きい,big (adj),オオキイ
保険,insurance,ホケン
結果,result,ケッカ
状態,condition,ジョウタイ
心,heart/mind,ココロ
言葉,word/language,コトバ
しれる,to become known (verb),シレル
どの,which,ドノ
教育,education,キョウイク
やすい,easy/cheap (adj),ヤスイ
状況,situation,ジョウキョウ
意味,meaning,イミ
特に,especially,トクニ
重要な,important (adj),ジュウヨウナ
重要,importance,ジュウヨウ
おく,to put (verb),オク
技術,technology,ギジュツ
管理,management,カンリ
時代,era,ジダイ
部分,part,ブブン
個人,individual,コジン
もう,already,モウ
大きな,big (adj),オオキナ
少し,a little,スコシ
違う,to differ (verb),チガウ
先生,teacher,センセイ
とても,very,トテモ
サービス,service,サービス
女性,woman,ジョセイ
強い,strong (adj),ツヨイ
効果,effect,コウカ
得る,to obtain (verb),エル
今回,this time,コンカイ
そんな,such,ソンナ
見える,to be visible (verb),ミエル
学校,school,ガッコウ
基本,basics,キホン
実際,reality,ジッサイ
出す,to take out (verb),ダス
様々な,various (adj),サマザマナ
様々,various,サマザマ
手,hand,テ
目,eye,メ
入れる,to put in (verb),イレル
次,next,ツギ
日,day,ヒ
もらう,to receive (verb),モラウ
一般,general,イッパン
委員,committee member,イイン
以下,below,イカ
致す,to do (humble verb),イタス
間,interval/between,アイダ
つく,to arrive (verb),ツク
言える,to be sayable (verb),ユエル
国,country,クニ
経済,economy,ケイザイ
目的,purpose,モクテキ
変わる,to change (verb),カワル
自然な,natural (adj),シゼンナ
自然,nature,シゼン
制度,system,セイド
障害,obstacle,ショウガイ
治療,treatment,チリョウ
場所,place,バショ
車,car,クルマ
労働,labor,ロウドウ
やはり,as expected,ヤハリ
調査,investigation,チョウサ
商品,product,ショウヒン
そういう,that kind of,ソウイウ
読む,to read (verb),ヨム
後,after,アト
呼ぶ,to call (verb),ヨブ
医療,medical care,イリョウ
よく,often,ヨーク
システム,system,システム
まず,first of all,マズ
者,person,モノ
対象,target,タイショウ
少ない,few (adj),スクナイ
大切な,important (adj),タイセツナ
大切,importance,タイセツ
本当に,truly,ホントウニ
相手,partner,アイテ
機能,function,キノウ
会社,company,ガイシャ
契約,contract,ケイヤク
食べる,to eat (verb),タベル
写真,photograph,シャシン
家族,family,カゾク
かかる,to take (time/money) (verb),カカル
利用する,to use (verb),リヨウスル
求める,to seek (verb),モトメル
つける,to attach (verb),ツケル
使用する,to use (verb),シヨウスル
大学,university,ダイガク
施設,facility,シセツ
以外,other than,イガイ
気持ち,feeling,キモチ
計画,plan,ケイカク
水,water,ミズ
悪い,bad (adj),ワルイ
まったく,completely,マッタク
化する,to change into (verb),カスル
与える,to give (verb),アタエル
機関,institution,キカン
理由,reason,リユウ
新しい,new (adj),アタラシイ
自身,oneself,ジシン
患者,patient,カンジャ
形,shape,カタチ
欲しい,wanted (adj),ホシイ
含む,to include (verb),フクム
いける,can go (verb),イケル
それぞれ,each,ソレゾレ
お客様,customer,オキャクサマ
いただける,can receive (verb),イタダケル
うち,home,ウチ
電話,telephone,デンワ
意見,opinion,イケン
最初,first,サイショ
専門,specialty,センモン
今後,from now on,コンゴ
かなり,considerably,カナリ
すぐ,immediately,スグ
非常な,extreme (adj),ヒジョウナ
非常,emergency,ヒジョウ
影響,influence,エイキョウ
期間,period,キカン
必ず,without fail,カナラズ
示す,to show (verb),シメス
皆,everyone,ミンナ
サイト,site,サイト
点,point,テン
開発,development,カイハツ
病院,hospital,ビョウイン
経験,experience,ケイケン
教える,to teach (verb),オシエル
まだ,still,マダ
長い,long (adj),ナガイ
支援,support,シエン
責任,responsibility,セキニン
難しい,difficult (adj),ムズカシイ
安全な,safe (adj),アンゼンナ
安全,safety,アンゼン
ちょっと,a little,チョット
認める,to recognize (verb),ミトメル
一緒,together,イッショ
今日,today,キョウ
相談,consultation,ソウダン
使用,use,シヨウ
かける,to hang (verb),カケル
はず,should,ハズ
取る,to take (verb),トル
評価,evaluation,ヒョウカ
生きる,to live (verb),イキル
原因,cause,ゲンイン
あまり,not much,アマリ
進む,to advance (verb),ススム
感じ,feeling,カンジ
データ,data,データ
ほとんど,mostly,ホトンド
作品,work,サクヒン
思い,thought,オモイ
説明,explanation,セツメイ
最後,last,サイゴ
先,ahead,サキ
経営,management,ケイエイ
能力,ability,ノウリョク
紹介する,to introduce (verb),ショウカイスル
声,voice,コエ
最近,recently,サイキン
指導,guidance,シドウ
合わせる,to match (verb),アワセル
子,child,コ
異なる,to differ (verb),コトナル
まま,as it is,ママ
最も,most,モットモ
選ぶ,to choose (verb),エラブ
これから,from now on,コレカラ
国民,national,コクミン
人々,people,ヒトビト
初めて,for the first time,ハジメテ
簡単な,easy (adj),カンタンナ
簡単,easy,カンタン
条件,condition,ジョウケン
いろいろ,various,イロイロ
文化,culture,ブンカ
組織,organization,ソシキ
対応,response,タイオウ
音,sound,オト
自由な,free (adj),ジユウナ
自由,freedom,ジユウ
行動,action,コウドウ
運動,exercise,ウンドウ
とる,to take (verb),トル
楽しい,fun (adj),タノシイ
対策,countermeasure,タイサク
業務,business,ギョウム
飲む,to drink (verb),ノム
神,god,カミ
増える,to increase (verb),フエル
国際,international,コクサイ
関わる,to be involved (verb),カカワル
政府,government,セイフ
続く,to continue (verb),ツヅク
もっと,more,モット
命,life,イノチ
置く,to put (verb),オク
買う,to buy (verb),カウ
もちろん,of course,モチロン
より,more than,ヨリ
質問,question,シツモン
下,below,シタ
精神,spirit,セイシン
作業,work,サギョウ
続ける,to continue (verb),ツヅケル
道,road,ミチ
際,occasion,サイ
基準,standard,キジュン
働く,to work (verb),ハタラク
こんな,like this,コンナ
頭,head,アタマ
健康な,healthy (adj),ケンコウナ
健康,health,ケンコウ
メール,email,メール
どんな,what kind,ドンナ
確認,confirmation,カクニン
当時,at that time,トウジ
確認する,to confirm (verb),カクニンスル
早い,early (adj),ハヤイ
すでに,already,スデニ
ふつう,normal,フツウ
映画,movie,エイガ
具体,concrete,グタイ
身,body,ミ
価値,value,カチ
意識,consciousness,イシキ
決める,to decide (verb),キメル
自己,self,ジコ
歴史,history,レキシ
主義,principle,シュギ
伝える,to convey (verb),ツタエル
知識,knowledge,チシキ
物,thing,モノ
時期,period,ジキ
行為,act,コウイ
過ぎる,to pass (verb),スギル
理解,understanding,リカイ
進める,to advance (verb),ススメル
中心,center,チュウシン
学ぶ,to learn (verb),マナブ
大変な,tough (adj),タイヘンナ
大変,very,タイヘン
頃,around,コロ
取り引き,transaction,トリヒキ
存在する,to exist (verb),ソンザイスル
姿,figure,スガタ
用いる,to use (verb),モチイル
学生,student,ガクセイ
年金,pension,ネンキン
生まれる,to be born (verb),ウマレル
起こる,to occur (verb),オコル
顔,face,カオ
生産,production,セイサン
始める,to begin (verb),ハジメル
存在,existence,ソンザイ
なぜ,why,ナゼ
始まる,to begin (verb),ハジマル
残る,to remain (verb),ノコル
定める,to establish (verb),サダメル
検査,inspection,ケンサ
政治,politics,セイジ
地方,region,チホウ
試験,exam,シケン
変化,change,ヘンカ
うまい,skilled/delicious (adj),ウマイ
参加,participation,サンカ
家庭,household,カテイ
発生する,to occur (verb),ハッセイスル
変える,to change (verb),カエル
男性,male,ダンセイ
事実,fact,ジジツ
こう,like this,コウ
実施する,to implement (verb),ジッシスル
直接な,direct (adj),チョクセツナ
直接,directly,チョクセツ
事故,accident,ジコ
方向,direction,ホウコウ
当然,naturally,トウゼン
しっかり,firmly,シッカリ
例,example,レイ
提供する,to provide (verb),テイキョウスル
目指す,to aim (verb),メザス
歩く,to walk (verb),アルク
保護,protection,ホゴ
構造,structure,コウゾウ
人生,life,ジンセイ
終わる,to end (verb),オワル
理解する,to understand (verb),リカイスル
なかなか,very,ナカナカ
レベル,level,レベル
英語,English,エイゴ
価格,price,カカク
描く,to draw (verb),エガク
いつも,always,イツモ
みたい,like,ミタイ
目標,goal,モクヒョウ
行政,administration,ギョウセイ
足,foot,アシ
違い,difference,チガイ
花,flower,ハナ
センター,center,センター
説明する,to explain (verb),セツメイスル
開く,to open (verb),ヒラク
皆さん,everyone,ミナサン
もし,if,モシ
お金,money,オカネ
これらの,these,コレラノ
資料,materials,シリョウ
頑張る,to do one's best (verb),ガンバル
病気,illness,ビョウキ
当社,our company,トウシャ
住宅,residence,ジュウタク
深い,deep (adj),フカイ
分野,field,ブンヤ
守る,to protect (verb),マモル
名前,name,ナマエ
以前,before,イゼン
症状,symptom,ショウジョウ
現実,reality,ゲンジツ
課題,assignment,カダイ
すごい,amazing (adj),スゴイ
種類,type,シュルイ
沢山な,many (adj),タクサンナ
沢山,many,タクサン
消費,consumption,ショウヒ
団体,organization,ダンタイ
戻る,to return (verb),モドル
男,man,オトコ
金融,finance,キンユウ
科学,science,カガク
近い,near (adj),チカイ
製品,product,セイヒン
限り,limit,カギリ
親,parent,オヤ
ポイント,point,ポイント
含める,to include (verb),フクメル
店,shop,ミセ
参加する,to participate (verb),サンカスル
同様な,similar (adj),ドウヨウナ
同様,similarly,ドウヨウ
政策,policy,セイサク
部屋,room,ヘヤ
事件,incident,ジケン
ページ,page,ページ
エネルギー,energy,エネルギー
市場,market,イチバ
段階,stage,ダンカイ
特別な,special (adj),トクベツナ
特別,special,トクベツ
続ける,to continue (verb),ツヅケル
規定,regulation,キテイ
全国,nationwide,ゼンコク
負担,burden,フタン
同時に,simultaneously,ドウジニ
土地,land,トチ
通常,usually,ツウジョウ
低い,low (adj),ヒクイ
明らかな,obvious (adj),アキラカナ
明らか,clear,アキラカ
被害,damage,ヒガイ
報告,report,ホウコク
小さい,small (adj),チイサイ
考え,thought,カンガエ
都市,city,トシ
広い,wide (adj),ヒロイ
費用,cost,ヒヨウ
設定,setting,セッテイ
正しい,correct (adj),タダシイ
手続き,procedure,テツヅキ
海外,overseas,カイガイ
投資,investment,トウシ
将来,future,ショウライ
連絡,contact,レンラク
新たな,new (adj),アラタナ
新た,new,アラタ
つながる,to connect (verb),ツナガル
そのまま,as it is,ソノママ
場,place,バ
変更,change,ヘンコウ
表示する,to display (verb),ヒョウジスル
販売,sale,ハンバイ
法律,law,ホウリツ
二つ,two,フタツ
注意,caution,チュウイ
自ら,oneself,ミズカラ
十分な,enough (adj),ジュウブンナ
十分,sufficiently,ジュウブン
取り組む,to tackle (verb),トリクム
外国,foreign country,ガイコク
身体,body,シンタイ
過去,past,カコ
送る,to send (verb),オクル
あの,that,アノ
登録,registration,トウロク
生じる,to occur (verb),ショウジル
気づく,to notice (verb),キヅク
お願いする,to request (verb),オネガイスル
学習,study,ガクシュウ
面白い,interesting (adj),オモシロイ
逆な,opposite (adj),ギャクナ
逆,reverse,ギャク
こういう,this kind,コウイウ
楽しむ,to enjoy (verb),タノシム
夢,dream,ユメ
帰る,to return (verb),カエル
完全な,complete (adj),カンゼンナ
完全,completely,カンゼン
乗る,to ride (verb),ノル
覚える,to memorize (verb),オボエル
述べる,to state (verb),ノベル
走る,to run (verb),ハシル
昔,old days,ムカシ
協力,cooperation,キョウリョク
にくい,difficult (adj),ニクイ
所,place,トコロ
範囲,range,ハンイ
医師,doctor,イシ
勉強,study,ベンキョウ
本人,the person themselves,ホンニン
忘れる,to forget (verb),ワスレル
いずれ,eventually,イズレ
対応する,to respond (verb),タイオウスル
図る,to plan (verb),ハカル
授業,lesson,ジュギョウ
テレビ,TV,テレビ
探す,to search (verb),サガス
国家,nation,コッカ
考え方,way of thinking,カンガエカタ
通り,street,トオリ
特徴,characteristic,トクチョウ
立つ,to stand (verb),タツ
母,mother,ハハ
住む,to live (verb),スム
現れる,to appear (verb),アラワレル
内,inside,ナカ
希望,hope,キボウ
色,color,イロ
参考,reference,サンコウ
戦争,war,センソウ
産業,industry,サンギョウ
担当,in charge,タントウ
銀行,bank,ギンコウ
今年,this year,コトシ
光,light,ヒカリ
介護,nursing care,カイゴ
会員,member,カイイン
大事な,important (adj),ダイジナ
大事,importance,ダイジ
処理,processing,ショリ
判断,judgment,ハンダン
機会,opportunity,キカイ
超える,to exceed (verb),コエル
グループ,group,グループ
役割,role,ヤクワリ
常に,always,ツネニ
予定,schedule,ヨテイ
危険な,dangerous (adj),キケンナ
危険,danger,キケン
基礎,foundation,キソ
市民,citizen,シミン
海,sea,カイ
笑い,laughter,ワライ
右,right,ミギ
山,mountain,ヤマ
規模,scale,キボ
法人,corporation,ホウジン
有効な,valid (adj),ユウコウナ
有効,valid,ユウコウ
こうした,these,コウシタ
方々,people,カタガタ
以降,from now on,イコウ
年,year,トシ
イメージ,image,イメージ
詳しい,detailed (adj),クワシイ
カード,card,カード
嬉しい,happy (adj),ウレシイ
手術,surgery,シュジュツ
営業,sales,エイギョウ
美味しい,delicious (adj),オイシイ
会議,meeting,カイギ
体験,experience,タイケン
起きる,to wake up (verb),オキル
調べる,to investigate (verb),シラベル
成長,growth,セイチョウ
食事,meal,ショクジ
税,tax,ゼイ
当該,the said,トウガイ
外,outside,ソト
話す,to speak (verb),ハナス
資格,qualification,シカク
確かに,certainly,タシカニ
現場,site,ゲンバ
職員,staff,ショクイン
立場,position,タチバ
残す,to leave (verb),ノコス
業者,contractor,ギョウシャ
事務,office work,ジム
物質,substance,ブッシツ
別な,another (adj),ベツナ
別,another,ベツ
ケース,case,ケース
文字,character,モジ
細胞,cell,サイボウ
音楽,music,オンガク
提供,provision,テイキョウ
タイプ,type,タイプ
値,value,アタイ
木,tree,キ
待つ,to wait (verb),マツ
料金,fee,リョウキン
始め,beginning,ハジメ
死ぬ,to die (verb),シヌ
ゲーム,game,ゲーム
父,father,チチ
口,mouth,クチ
不安な,anxious (adj),フアンナ
不安,anxiety,フアン
夜,night,ヨル
辺り,vicinity,ホトリ
生徒,student,セイト
きれいな,beautiful (adj),キレイナ
きれい,beautiful,キレイ
研修,training,ケンシュウ
皆様,everyone,ミナサマ
表現,expression,ヒョウゲン
事項,matter,ジコウ
申請,application,シンセイ
金額,amount,キンガク
記事,article,キジ
指定,designation,シテイ
語る,to talk (verb),カタル
お願い,request,オネガイ
建物,building,タテモノ
申し上げる,to say (humble verb),モウシアゲル
道路,road,ドウロ
ずっと,continuously,ズット
まあ,well,マア
打つ,to hit (verb),ウツ
若い,young (adj),ワカイ
上記,above mentioned,ジョウキ
社員,employee,シャイン
地球,Earth,チキュウ
議論,discussion,ギロン
自体,itself,ジタイ
積極,positive,セッキョク
日本語,Japanese,ニホンゴ
色々な,various (adj),イロイロナ
色々,various,イロイロ
向かう,to head (verb),ムカウ
スタッフ,staff,スタッフ
小さな,small (adj),チイサナ
資金,funds,シキン
厳しい,strict (adj),キビシイ
最終,final,サイシュウ
娘,daughter,ムスメ
請求,claim,セイキュウ
インターネット,internet,インターネット
妻,wife,ツマ
数,number,カズ
権利,right,ケンリ
支払い,payment,シハライ
見せる,to show (verb),ミセル
朝,morning,アサ
作成する,to create (verb),サクセイスル
上がる,to rise (verb),アガル
繰り返す,to repeat (verb),クリカエス
信じる,to believe (verb),シンジル
周り,surroundings,マワリ
薬,medicine,クスリ
動き,movement,ウゴキ
検討する,to consider (verb),ケントウスル
最大,maximum,サイダイ
安い,cheap (adj),ヤスイ
脳,brain,ノウ
利益,profit,リエキ
画像,image,ガゾウ
携帯,mobile phone,ケイタイ
近く,nearby,チカク
代表,representative,ダイヒョウ
程度,degree,テイド
旅行,trip,リョコウ
ぜひ,by all means,ゼヒ
当たる,to hit (verb),アタル
動物,animal,ドウブツ
なくなる,to disappear (verb),ナクナル
住民,resident,ジュウミン
動く,to move (verb),ウゴク
興味,interest,キョウミ
福祉,welfare,フクシ
特定,specific,トクテイ
年齢,age,ネンレイ
リスク,risk,リスク
会う,to meet (verb),アウ
位置,location,イチ
女,female,オンナ
質,quality,シツ
テーマ,theme,テーマ
素晴らしい,wonderful (adj),スバラシイ
ホームページ,homepage,ホームページ
決まる,to be decided (verb),キマル
ネット,net,ネット
地震,earthquake,ジシン
適切な,appropriate (adj),テキセツナ
適切,appropriate,テキセツ
夫,husband,オット
料理,cooking,リョウリ
高齢,old age,コウレイ
付ける,to attach (verb),ツケル
国内,domestic,コクナイ
総合,comprehensive,ソウゴウ
購入,purchase,コウニュウ
体制,system,タイセイ
改善,improvement,カイゼン
結構,fairly,ケッコウ
実施,implementation,ジッシ
金,gold,テツ
駄目な,no good (adj),ダメナ
駄目,no good,ダメ
友達,friend,トモダチ
コース,course,コース
くださる,to give (honorific verb),クダサル
本当,truth,ホントウ
ファイル,file,ファイル
まとめる,to summarize (verb),マトメル
様子,state,ヨウス
組合,union,クミアイ
判断する,to judge (verb),ハンダンスル
工事,construction,コウジ
美しい,beautiful (adj),ウツクシイ
日常,daily life,ニチジョウ
効率,efficiency,コウリツ
思える,to seem (verb),オモエル
起こす,to cause (verb),オコス
流れ,flow,ナガレ
使える,to be usable (verb),ツカエル
関連,relation,カンレン
左,left,ヒダリ
原則,principle,ゲンソク
決定,decision,ケッテイ
画面,screen,ガメン
上げる,to raise (verb),アゲル
印象,impression,インショウ
あげる,to give (verb),アゲル
無料,free,ムリョウ
プログラム,program,プログラム
整備,maintenance,セイビ
申し込み,application,モウシコミ
傾向,tendency,ケイコウ
ビジネス,business,ビジネス
とおり,as expected,トオリ
紹介,introduction,ショウカイ
困難な,difficult (adj),コンナンナ
困難,difficulty,コンナン
現状,current situation,ゲンジョウ
感覚,sensation,カンカク
おる,to be (humble verb),オル
ほぼ,almost,ホボ
取り組み,effort,トリクミ
解決,solution,カイケツ
長,length,チョウ
見つける,to find (verb),ミツケル
選択,choice,センタク
結局,after all,ケッキョク
準備,preparation,ジュンビ
ゼロ,zero,ゼロ
検討,consideration,ケントウ
項目,item,コウモク
新聞,newspaper,シンブン
図,diagram,ズ
購入する,to purchase (verb),コウニュウスル
酒,alcohol,サケ
どういう,what kind,ドウイウ
問い合わせ,inquiry,トイアワセ
自動車,automobile,ジドウシャ
高校,high school,コウコウ
交通,transportation,コウツウ
設定する,to set (verb),セッテイスル
大臣,minister,ダイジン
実現する,to realize (verb),ジツゲンスル
電子,electronic,デンシ
途中,on the way,トチュウ
優しい,kind (adj),ヤサシイ
運営,operation,ウンエイ
白,white,シロ
現代,modern times,ゲンダイ
建築,architecture,ケンチク
合う,to fit (verb),アウ
そのもの,the thing itself,ソノモノ
失う,to lose (verb),ウシナウ
表示,display,ヒョウジ
努力,effort,ドリョク
雇用,employment,コヨウ
パソコン,personal computer,パソコン
一定な,fixed (adj),イッテイナ
一定,certain,イッテイ
答える,to answer (verb),コタエル
選択する,to select (verb),センタクスル
無理な,impossible (adj),ムリナ
無理,impossible,ムリ
える,to obtain (verb),エル
多く,many,オオク
バス,bus,バス
結婚,marriage,ケッコン
決して,never,ケッシテ
要素,element,ヨウソ
魅力,charm,ミリョク
付く,to attach (verb),ツク
設計,design,セッケイ
複数,multiple,フクスウ
電気,electricity,デンキ
明確な,clear (adj),メイカクナ
明確,clarity,メイカク
共同,joint,キョウドウ
友人,friend,ユウジン
きちんと,properly,キチント
ちゃう,(casual negative),チャウ
設置する,to install (verb),セッチスル
長期,long term,チョウキ
向上,improvement,コウジョウ
しかた,method,シカタ
まさに,exactly,マサニ
回答,response,カイトウ
離れる,to separate (verb),ハナレル
日々,daily,ヒビ
世紀,century,セイキ
葉,leaf,ハ
幸せな,happy (adj),シアワセナ
幸せ,happiness,シアワセ
活かす,to utilize (verb),イカス
歯,tooth,ハ
大人,adult,オトナ
用意する,to prepare (verb),ヨウイスル
豊かな,abundant (adj),ユタカナ
豊か,abundance,ユタカ
止まる,to stop (verb),トマル
分ける,to divide (verb),ワケル
痛み,pain,イタミ
期待,expectation,キタイ
広がる,to spread (verb),ヒロガル
困る,to be troubled (verb),コマル
自動,automatic,ジドウ
バランス,balance,バランス
全部,all,ゼンブ
面,face,メン
なす,eggplant,ナス
止める,to stop (verb),トメル
量,quantity,リョウ
事務所,office,ジムショ
神経,nerve,シンケイ
分析,analysis,ブンセキ
成果,result,セイカ
開催する,to hold (verb),カイサイスル
番号,number,バンゴウ
人気,popularity,ニンキ
比べる,to compare (verb),クラベル
安定な,stable (adj),アンテイナ
安定,stability,アンテイ
メーカー,manufacturer,メーカー
イベント,event,イベント
分,minute,ブン
信頼,trust,シンライ
計算,calculation,ケイサン
詳細な,detailed (adj),ショウサイナ
詳細,detail,ショウサイ
モデル,model,モデル
活用する,to utilize (verb),カツヨウスル
県,prefecture,ケン
ユーザー,user,ユーザー
デザイン,design,デザイン
感情,emotion,カンジョウ
癌,cancer,ガン
掲載する,to publish (verb),ケイサイスル
間違い,mistake,マチガイ
裁判,trial,サイバン
審査,examination,シンサ
元気な,energetic (adj),ゲンキナ
元気,energy,ゲンキ
勧める,to recommend (verb),ススメル
チーム,team,チーム
看護,nursing,カンゴ
切る,to cut (verb),キル
期待する,to expect (verb),キタイスル
予約,reservation,ヨヤク
仲間,companion,ナカマ
中央,center,チュウオウ
加える,to add (verb),クワエル
事前,in advance,ジゼン
仕組み,mechanism,シクミ
向ける,to direct (verb),ムケル
至る,to reach (verb),イタル
文,sentence,カキ
重い,heavy (adj),オモイ
通信,communication,ツウシン
ござる,to be (honorific),ゴザル
いろんな,various (adj),イロンナ
もらえる,can receive (verb),モラエル
実験,experiment,ジッケン
攻撃,attack,コウゲキ
風な,wind-like (adj),フウナ
風,wind,フウ
コミュニケーション,communication,コミュニケーション
基づく,to be based on (verb),モトヅク
避ける,to avoid (verb),ヨケル
診断,diagnosis,シンダン
犬,dog,イヌ
支払う,to pay (verb),シハラウ
売る,to sell (verb),ウル
過ごす,to spend time (verb),スゴス
いわゆる,so-called,イワユル
空,sky,ソラ
除く,to exclude (verb),ノゾク
改革,reform,カイカク
短い,short (adj),ミジカイ
平均,average,ヘイキン
年度,fiscal year,ネンド
迎える,to welcome (verb),ムカエル
財産,property,ザイサン
育てる,to raise (verb),ソダテル
資産,asset,シサン
お話,talk,オハナシ
雰囲気,atmosphere,フンイキ
ブログ,blog,ブログ
戦略,strategy,センリャク
変更する,to change (verb),ヘンコウスル
距離,distance,キョリ
交流,exchange,コウリュウ
挙げる,to raise (verb),アゲル
業界,industry,ギョウカイ
姿勢,posture,シセイ
夏,summer,ナツ
最高な,best (adj),サイコウナ
最高,highest,サイコウ
周辺,surroundings,シュウヘン
視点,viewpoint,シテン
原発,nuclear power plant,ゲンパツ
作成,creation,サクセイ
高める,to enhance (verb),タカメル
文章,writing,ブンショウ
知れる,to become known (verb),シレル
記載する,to describe (verb),キサイスル
落ちる,to fall (verb),オチル
押す,to push (verb),オス
とにかく,anyhow,トニカク
調整,adjustment,チョウセイ
予算,budget,ヨサン
なれる,to become (verb),ナレル
プロジェクト,project,プロジェクト
限る,to limit (verb),カギル
公共,public,コウキョウ
発生,occurrence,ハッセイ
単位,unit,タンイ
軽い,light (adj),カルイ
額,amount,ガク
お客,customer,オキャク
変化する,to change (verb),ヘンカスル
答え,answer,コタエ
似る,to resemble (verb),ニル
立てる,to stand up (verb),タテル
時点,point in time,ジテン
設備,equipment,セツビ
集まる,to gather (verb),アツマル
措置,measure,ソチ
災害,disaster,サイガイ
魂,soul,タマシイ
もともと,originally,モトモト
発展,development,ハッテン
大丈夫な,okay (adj),ダイジョウブナ
大丈夫,okay,ダイジョウブ
有名な,famous (adj),ユウメイナ
有名,fame,ユウメイ
義務,duty,ギム
移動,movement,イドウ
観光,sightseeing,カンコウ
療法,therapy,リョウホウ
宇宙,space,ウチュウ
定期,regular,テイキ
多様な,diverse (adj),タヨウナ
多様,diversity,タヨウ
ふう,style,フウ
驚く,to be surprised (verb),オドロク
伴う,to accompany (verb),トモナウ
提出する,to submit (verb),テイシュツスル
収入,income,シュウニュウ
手段,means,シュダン
疑問,doubt,ギモン
交換,exchange,コウカン
方針,policy,ホウシン
注意する,to be careful (verb),チュウイスル
多数,majority,タスウ
壁,wall,カベ
引く,to pull (verb),ヒク
書類,document,ショルイ
指定する,to specify (verb),シテイスル
人材,human resources,ジンザイ
他人,others,タニン
絶対,absolute,ゼッタイ
農業,agriculture,ノウギョウ
昨年,last year,サクネン
不動産,real estate,フドウサン
練習,practice,レンシュウ
割合,ratio,ワリアイ
集める,to collect (verb),アツメル
敵,enemy,テキ
全員,all members,ゼンイン
よろしく,regards,ヨロシク
コスト,cost,コスト
児童,children,ジドウ
ストレス,stress,ストレス
法,law,ホウ
プロ,professional,プロ
理論,theory,リロン
運転,driving,ウンテン
評価する,to evaluate (verb),ヒョウカスル
勉強する,to study (verb),ベンキョウスル
町,town,マチ
確実な,certain (adj),カクジツナ
確実,certainty,カクジツ
地区,district,チク
触れる,to touch (verb),フレル
工場,factory,コウバ
有する,to have (verb),ユウスル
地元,hometown,ジモト
今度,next time,コンド
一切,all,イッサイ
選手,player,センシュ
所得,income,ショトク
従来,conventional,ジュウライ
届く,to arrive (verb),トドク
なんとか,somehow,ナントカ
減る,to decrease (verb),ヘル
安心,relief,アンシン
証明,proof,ショウメイ
注文,order,チュウモン
現象,phenomenon,ゲンショウ
どんどん,steadily,ドンドン
心理,psychology,シンリ
良い,good (adj),ヨイ
空間,space,クウカン
耳,ear,ミミ
異常な,abnormal (adj),イジョウナ
異常,abnormality,イジョウ
働き,work,ハタラキ
メンバー,member,メンバー
正確な,accurate (adj),セイカクナ
正確,accuracy,セイカク
以内,within,イナイ
診療,medical treatment,シンリョウ
残念な,unfortunate (adj),ザンネンナ
残念,unfortunately,ザンネン
流れる,to flow (verb),ナガレル
本来,originally,ホンライ
つもり,intention,ツモリ
食品,food,ショクヒン
予防,prevention,ヨボウ
認識,recognition,ニンシキ
小学校,elementary school,ショウガッコウ
生物,organism,セイブツ
監督,director,カントク
支える,to support (verb),ツカエル
建設,construction,ケンセツ
明るい,bright (adj),アカルイ
むしろ,rather,ムシロ
横,side,ヨコ
記録,record,キロク
事情,circumstances,ジジョウ
番組,program,バングミ
側,side,ガワ
努める,to endeavor (verb),ツトメル
記憶,memory,キオク
しばらく,for a while,シバラク
ふだん,usually,フダン
言語,language,ゴンゴ
名,name,ナ
ネットワーク,network,ネットワーク
職場,workplace,ショクバ
実現,realization,ジツゲン
わが国,our country,ワガクニ
元,yuan (currency),ガン
絵,picture,エ
製造,manufacturing,セイゾウ
寝る,to sleep (verb),ネル
未来,future,ミライ
現地,actual place,ゲンチ
安心する,to feel relieved (verb),アンシンスル
資本,capital,シホン
嫌な,disliked (adj),イヤナ
嫌,dislike,イヤ
味,taste,アジ
設ける,to establish (verb),モウケル
受験,exam,ジュケン
資源,resource,シゲン
関心,interest,カンシン
なんと,what,ナント
古い,old (adj),フルイ
構成,composition,コウセイ
反応,reaction,ハンノウ
ある程度,to some extent,アルテイド
反対,opposition,ハンタイ
制限,restriction,セイゲン
差,difference,サ
人物,personality,ジンブツ
悩む,to worry (verb),ナヤム
相談する,to consult (verb),ソウダンスル
好きな,favorite (adj),スキナ
好き,like,スキ
植物,plant,ショクブツ
便利な,convenient (adj),ベンリナ
便利,convenience,ベンリ
スポーツ,sports,スポーツ
地,ground,チ
選挙,election,センキョ
推進,promotion,スイシン
ころ,about,コロ
払う,to pay (verb),ハラウ
ちゃんと,properly,チャント
種,kind,シュ
決定する,to decide (verb),ケッテイスル
ホテル,hotel,ホテル
連携,cooperation,レンケイ
一度,once,イチド
おそらく,probably,オソラク
扱う,to handle (verb),アツカウ
主に,mainly,オモニ
胸,chest,ムネ
運用,operation,ウンヨウ
自信,self-confidence,ジシン
企画,plan,キカク
発電,power generation,ハツデン
内部,inside,ナイブ
著作,writing,チョサク
弱い,weak (adj),ヨワイ
広告,advertisement,コウコク
きわめて,extremely,キワメテ
規制,regulation,キセイ
一人,one person,ヒトリ
周囲,surroundings,シュウイ
自宅,one's home,ジタク
はっきり,clearly,ハッキリ
開始,start,カイシ
ボタン,button,ボタン
過程,process,カテイ
楽しみ,enjoyment,タノシミ
どうしても,by all means,ドウシテモ
母親,mother,ハハオヤ
夫婦,married couple,フウフ
コメント,comment,コメント
あらかじめ,in advance,アラカジメ
優れる,to excel (verb),スグレル
損害,damage,ソンガイ
やめる,to quit (verb),ヤメル
辛い,painful (adj),ツライ
空気,air,クウキ
果たす,to fulfill (verb),ハタス
機器,device,キキ
出会う,to meet (verb),デアウ
痛い,painful (adj),イタイ
再び,again,フタタビ
お互い,each other,オタガイ
人口,population,ジンコウ
装置,equipment,ソウチ
たび,time,タビ
民間,private,ミンカン
各種,various,カクシュ
かって,once,カツテ
まいる,to come/go (humble verb),マイル
きっと,surely,キット
そういった,such,ソウイッタ
渡る,to cross (verb),ワタル
撮影,photography,サツエイ
映像,video,エイゾウ
公園,park,コウエン
毎年,every year,マイトシ
背景,background,ハイケイ
クラス,class,クラス
改めて,anew,アラタメテ
集団,group,シュウダン
保証,guarantee,ホショウ
検索,search,ケンサク
認識する,to recognize (verb),ニンシキスル
就職,employment,シュウショク
受け入れる,to accept (verb),ウケイレル
補助,assistance,ホジョ
取得,acquisition,シュトク
世代,generation,セダイ
性格,personality,セイカク
標準,standard,ヒョウジュン
訪れる,to visit (verb),オトズレル
心配,worry,シンパイ
ガス,gas,ガス
街,town,マチ
保障,security,ホショウ
訓練,training,クンレン
会,meeting,カイ
船,ship,フネ
不思議な,mysterious (adj),フシギナ
不思議,mystery,フシギ
領域,domain,リョウイキ
競争,competition,キョウソウ
サイズ,size,サイズ
魚,fish,サカナ
あくまで,to the end,アクマデ
死,death,シ
遅い,slow (adj),オソイ
掲げる,to raise (verb),カカゲル
そうした,such,ソウシタ
喜ぶ,to be glad (verb),ヨロコブ
ゆっくり,slowly,ユックリ
認定,certification,ニンテイ
終了,completion,シュウリョウ
許可,permission,キョカ
客,guest,キャク
１つ,one,ヒトツ
ルール,rule,ルール
社長,company president,シャチョウ
議員,assembly member,ギイン
教室,classroom,キョウシツ
機械,machine,キカイ
派遣,dispatch,ハケン
方式,method,ホウシキ
願う,to wish (verb),ネガウ
血,blood,チ
大会,tournament,タイカイ
クリックする,to click (verb),クリックスル
宗教,religion,シュウキョウ
実践,practice,ジッセン
猫,cat,ネコ
居る,to be (verb - animate),イル
発表する,to announce (verb),ハッピョウスル
当たり前な,natural (adj),アタリマエナ
当たり前,naturally,アタリマエ
首,neck,クビ
取れる,to be able to take (verb),トレル
一生,whole life,イッショウ
野菜,vegetable,ヤサイ
息子,son,ムスコ
相続,inheritance,ソウゾク
ソフトな,soft (adj),ソフトナ
ソフト,software,ソフト
部門,division,ブモン
不足,shortage,フソク
濃い,thick (adj),コイ
解決する,to solve (verb),カイケツスル
疾患,disease,シッカン
数字,numeral,スウジ
通う,to commute (verb),カヨウ
金利,interest rate,キンリ
提案,proposal,テイアン
あらゆる,all,アラユル
貼る,to paste (verb),ハル
筋肉,muscle,キンニク
許す,to forgive (verb),ユルス
独自な,unique (adj),ドクジナ
独自,originality,ドクジ
規則,rule,キソク
赤ちゃん,baby,アカチャン
大量な,large (adj),タイリョウナ
大量,large quantity,タイリョウ
協会,association,キョウカイ
経る,to pass through (verb),ヘル
放送,broadcast,ホウソウ
弁護士,lawyer,ベンゴシ
増やす,to increase (verb),フヤス
初期,initial stage,ショキ
伝わる,to be transmitted (verb),ツタワル
教師,teacher,キョウシ
観点,point of view,カンテン
確保,securement,カクホ
操作,operation,ソウサ
肌,skin,ハダ
協議,conference,キョウギ
手法,technique,シュホウ
活用,utilization,カツヨウ
たくさん,many,タクサン
東,east,ヒガシ
愛する,to love (verb),アイスル
弊社,our company,ヘイシャ
意識する,to be aware (verb),イシキスル
取り扱い,handling,トリアツカイ
怖い,scary (adj),コワイ
登録する,to register (verb),トウロクスル
導入,introduction,ドウニュウ
習慣,habit,シュウカン
表現する,to express (verb),ヒョウゲンスル
当初,initially,トウショ
たぶん,perhaps,タブン
防止,prevention,ボウシ
通る,to pass (verb),トオル
いかに,how,イカニ
材料,material,ザイリョウ
気分,mood,キブン
伝統,tradition,デントウ
形式,form,ケイシキ
聞こえる,to be heard (verb),キコエル
継続,continuation,ケイゾク
会話,conversation,カイワ
要因,factor,ヨウイン
後ろ,back,ハイゴ
メッセージ,message,メッセージ
チェック,check,チェック
前提,premise,ゼンテイ
比較的,comparatively,ヒカクテキ
維持,maintenance,イジ
物語,tale,モノガタリ
抱える,to hold (verb),カカエル
事例,example,ジレイ
借りる,to borrow (verb),カリル
採用する,to adopt (verb),サイヨウスル
展開する,to develop (verb),テンカイスル
改善する,to improve (verb),カイゼンスル
再生,reproduction,サイセイ
危機,crisis,キキ
意思,intention,イシ
発表,announcement,ハッピョウ
動かす,to move (verb),ウゴカス
理事,director,リジ
化学,chemistry,カガク
ごみ,trash,ゴミ
神社,shrine,ジンジャ
高度な,advanced (adj),コウドナ
高度,altitude,コウド
わずか,only,ワズカ
活性,activity,カッセイ
口座,account,コウザ
専用,exclusive use,センヨウ
成長する,to grow (verb),セイチョウスル
品質,quality,ヒンシツ
店舗,store,テンポ
比較する,to compare (verb),ヒカクスル
職業,occupation,ショクギョウ
可愛い,cute (adj),カワイイ
指摘する,to point out (verb),シテキスル
望む,to hope (verb),ノゾム
該当する,to apply (verb),ガイトウスル
おっしゃる,to say (honorific verb),オッシャル
従業,employment,ジュウギョウ
きっかけ,opportunity,キッカケ
確保する,to secure (verb),カクホスル
取得する,to acquire (verb),シュトクスル
展開,development,テンカイ
思い出す,to remember (verb),オモイダス
満足,satisfaction,マンゾク
もたらす,to bring (verb),モタラス
気軽な,casual (adj),キガルナ
気軽,lightheartedness,キガル
財政,finance,ザイセイ
開発する,to develop (verb),カイハツスル
アドバイス,advice,アドバイス
案内,guidance,アンナイ
受け取る,to receive (verb),ウケトル
導入する,to introduce (verb),ドウニュウスル
改正,revision,カイセイ
雨,rain,アメ
適用する,to apply (verb),テキヨウスル
感染,infection,カンセン
顧客,customer,コキャク
サポート,support,サポート
なさる,to do (honorific verb),ナサル
遊ぶ,to play (verb),アソブ
表面,surface,ヒョウメン
市,city,イチ
ひどい,terrible (adj),ヒドイ
まだまだ,still,マダマダ
考慮する,to consider (verb),コウリョスル
愛,love,アイ
川,river,カワ
プラン,plan,プラン
下がる,to lower (verb),サガル
開始する,to start (verb),カイシスル
依頼,request,イライ
どうして,why,ドウシテ
同士,fellow,ドウシ
お母さん,mother,オカアサン
満たす,to satisfy (verb),ミタス
メニュー,menu,メニュー
温度,temperature,オンド
被災,disaster,ヒサイ
ローン,loan,ローン
開ける,to open (verb),アケル
自転車,bicycle,ジテンシャ
登場する,to appear (verb),トウジョウスル
係る,to concern (verb),カカル
設置,installation,セッチ
警察,police,ケイサツ
いくつか,several,イクツカ
発見する,to discover (verb),ハッケンスル
わが,our,ワガ
回る,to turn (verb),マワル
移動する,to move (verb),イドウスル
冬,winter,フユ
成功する,to succeed (verb),セイコウスル
撮る,to take (photo) (verb),トル
教授,professor,キョウジュ
瞬間,moment,シュンカン
所有,ownership,ショユウ
政権,administration,セイケン
ボランティア,volunteer,ボランティア
駅,station,エキ
同じな,same (adj),オナジナ
並ぶ,to line up (verb),ナラブ
理想,ideal,リソウ
講座,course,コウザ
細かい,detailed (adj),コマカイ
厚生,public welfare,コウセイ
電力,electric power,デンリョク
捨てる,to throw away (verb),ステル
拡大,expansion,カクダイ
血液,blood,ケツエキ
入院,hospitalization,ニュウイン
笑う,to laugh (verb),ワラウ
両親,parents,リョウシン
カメラ,camera,カメラ
一方,on the other hand,イッポウ
丁寧な,polite (adj),テイネイナ
丁寧,politeness,テイネイ
特殊な,special (adj),トクシュナ
特殊,specialty,トクシュ
笑顔,smile,エガオ
見つかる,to be found (verb),ミツカル
丸,circle,マル
作用,effect,サヨウ
慣れる,to get used (verb),ナレル
遠い,far (adj),トオイ
構成する,to constitute (verb),コウセイスル
会場,venue,カイジョウ
あまりに,too much,アマリニ
複雑な,complex (adj),フクザツナ
複雑,complexity,フクザツ
証拠,evidence,ショウコ
メリット,merit,メリット
共に,together,トモニ
昨日,yesterday,キノウ
土,soil,ツチ
単純な,simple (adj),タンジュンナ
単純,simplicity,タンジュン
幅,width,ハバ
駐車,parking,チュウシャ
概念,concept,ガイネン
勝手な,selfish (adj),カッテナ
勝手,selfishness,カッテ
トラブル,trouble,トラブル
ケア,care,ケア
年間,yearly,ネンカン
素材,material,ソザイ
裏,back,ウラ
とりあえず,for now,トリアエズ
是非,by all means,ゼヒ
主な,main (adj),オモナ
主,main,オモ
発言,statement,ハツゲン
話題,topic,ワダイ
半分,half,ハンブン
遊び,play,アソビ
ちょうど,just,チョウド
春,spring,ハル
感謝,gratitude,カンシャ
成功,success,セイコウ
育成,development,イクセイ
ニーズ,need,ニーズ
取り上げる,to pick up (verb),トリアゲル
把握する,to grasp (verb),ハアクスル
医学,medical science,イガク
場面,scene,バメン
もう少し,a little more,モウスコシ
条例,ordinance,ジョウレイ
犯罪,crime,ハンザイ
温泉,hot spring,オンセン
真,truth,シン
表す,to express (verb),アラワス
報告する,to report (verb),ホウコクスル
黒,black,クロ
科目,subject,カモク
激しい,intense (adj),ハゲシイ
村,village,ムラ
形態,form,ケイタイ
会計,accounting,カイケイ
前回,previous time,ゼンカイ
従う,to obey (verb),シタガウ
採用,adoption,サイヨウ
流す,to flow (verb),ナガス
成分,ingredient,セイブン
クラブ,club,クラブ
問う,to ask (verb),トウ
事態,situation,ジタイ
態度,attitude,タイド
妊娠,pregnancy,ニンシン
更新,renewal,コウシン
共通,common,キョウツウ
物件,property,ブッケン
突然,suddenly,トツゼン
規定する,to regulate (verb),キテイスル
マンション,condominium,マンション
単に,simply,タンニ
防ぐ,to prevent (verb),フセグ
無駄な,wasteful (adj),ムダナ
無駄,waste,ムダ
負う,to bear (verb),オウ
話する,to talk (verb),ハナシスル
旨,purpose,ムネ
消える,to disappear (verb),キエル
保つ,to maintain (verb),タモツ
パターン,pattern,パターン
代わり,substitute,カワリ
恐れ,fear,オソレ
奴,guy,ヤツ
思想,thought,シソウ
明日,tomorrow,アス
勤務,employment,キンム
登る,to climb (verb),ノボル
交渉,negotiation,コウショウ
抑える,to suppress (verb),オサエル
論文,thesis,ロンブン
テスト,test,テスト
育つ,to grow up (verb),ソダツ
全然,not at all,ゼンゼン
占める,to occupy (verb),シメル
暮らす,to live (verb),クラス
歌,song,ウタ
狭い,narrow (adj),セマイ
外部,external,ガイブ
地図,map,チズ
増加する,to increase (verb),ゾウカスル
赤,red,アカ
次に,next,ツギニ
結ぶ,to tie (verb),ムスブ
株式会社,corporation,カブシキガイシャ
先輩,senior,センパイ
父親,father,チチオヤ
世の中,world,ヨノナカ
放射線,radiation,ホウシャセン
増加,increase,ゾウカ
意味する,to mean (verb),イミスル
やや,somewhat,ヤヤ
入力する,to input (verb),ニュウリョクスル
アクセス,access,アクセス
栄養,nutrition,エイヨウ
別に,separately,ベツニ
コンピューター,computer,コンピューター
戦う,to fight (verb),タタカウ
北,north,キタ
重ねる,to pile (verb),カサネル
楽な,easy (adj),ラクナ
楽,ease,ラク
食,food,ショク
思考,thinking,シコウ
中小,small and medium,チュウショウ
維持する,to maintain (verb),イジスル
穴,hole,アナ
実績,achievement,ジッセキ
あり方,way of being,アリカタ
見なす,to regard (verb),ミナス
悩み,worry,ナヤミ
ゆく,to go (verb),ユク
手数料,fee,テスウリョウ
窓口,counter,マドグチ
役立つ,to be useful (verb),ヤクダツ
販売する,to sell (verb),ハンバイスル
固定,fixed,コテイ
メディア,media,メディア
皮膚,skin,ヒフ
処分,disposal,ショブン
抱く,to embrace (verb),ダク
回復,recovery,カイフク
文書,document,モンショ
最新,latest,サイシン
スタイル,style,スタイル
それほど,that much,ソレホド
南,south,ミナミ
会長,chairman,カイチョウ
主人,master,シュジン
運ぶ,to carry (verb),ハコブ
呼吸,breathing,コキュウ
充実する,to enrich (verb),ジュウジツスル
シーン,scene,シーン
数値,numerical value,スウチ
緊急な,urgent (adj),キンキュウナ
緊急,emergency,キンキュウ
不明な,unknown (adj),フメイナ
不明,unknown,フメイ
サーバー,server,サーバー
核,nucleus,カク
旅,travel,タビ
小説,novel,ショウセツ
少なくとも,at least,スクナクトモ
公開,publication,コウカイ
秋,autumn,アキ
雪,snow,ユキ
第三者,third party,ダイサンシャ
新規な,new (adj),シンキナ
新規,new,シンキ
熱,heat,ネツ
着る,to wear (verb),キル
ファン,fan,ファン
前後,before and after,ゼンゴ
市町村,municipality,シチョウソン
いくつ,how many,イクツ
いらっしゃる,to come/go (honorific verb),イラッシャル
近年,recent years,キンネン
結婚する,to marry (verb),ケッコンスル
推進する,to promote (verb),スイシンスル
卒業,graduation,ソツギョウ
賃金,wages,チンギン
越える,to exceed (verb),コエル
合格,passing,ゴウカク
まつ,to wait (verb),マツ
注目する,to focus on (verb),チュウモクスル
骨,bone,ホネ
機構,organization,キコウ
お薦め,recommendation,オススメ
席,seat,セキ
喜び,joy,ヨロコビ
表,front,オモテ
いったい,what on earth,イッタイ
管理する,to manage (verb),カンリスル
二,two,ニ
要望,request,ヨウボウ
落とす,to drop (verb),オトス
主張する,to insist (verb),シュチョウスル
楽しめる,to be enjoyable (verb),タノシメル
指示,instruction,シジ
雑誌,magazine,ザッシ
追加,addition,ツイカ
備える,to prepare (verb),ソナエル
火,fire,ヒ
自治体,municipality,ジチタイ
売り上げ,sales,ウリアゲ
応じる,to respond (verb),オウジル
幅広い,wide (adj),ハバヒロイ
適用,application,テキヨウ
白い,white (adj),シロイ
保育,childcare,ホイク
間違う,to make a mistake (verb),マチガウ
寒い,cold (adj),サムイ
加入,joining,カニュウ
殺す,to kill (verb),コロス
午後,afternoon,ゴゴ
曲,tune,キョク
両方,both,リョウホウ
使い,use,ツカイ
貴重な,precious (adj),キチョウナ
貴重,value,キチョウ
いくら,how much,イクラ
広げる,to spread (verb),ヒロゲル
公開する,to make public (verb),コウカイスル
できるだけ,as much as possible,デキルダケ
主体,main body,シュタイ
以来,since,イライ
トイレ,toilet,トイレ
最適な,optimal (adj),サイテキナ
最適,optimum,サイテキ
削減,reduction,サクゲン
高まる,to rise (verb),タカマル
何らかの,some,ナンラカノ
人類,humanity,ジンルイ
訪問,visit,ホウモン
奥,interior,オク
少年,boy,ショウネン
ベース,base,ベース
円,yen,エン
多少,somewhat,タショウ
座る,to sit (verb),スワル
経験する,to experience (verb),ケイケンスル
測定,measurement,ソクテイ
アップ,up,アップ
編集,editing,ヘンシュウ
受け付け,reception,ウケツケ
問い,question,トイ
整理,organization,セイリ
経つ,to pass (verb),タツ
よる,night,ヨル
憲法,constitution,ケンポウ
生み出す,to produce (verb),ウミダス
おかしい,strange (adj),オカシイ
発見,discovery,ハッケン
余裕,leeway,ヨユウ
役,role,ヤク
安定する,to stabilize (verb),アンテイスル
戦い,fight,タタカイ
入力,input,ニュウリョク
太陽,sun,タイヨウ
比較,comparison,ヒカク
遺伝子,gene,イデンシ
協力する,to cooperate (verb),キョウリョクスル
希望する,to hope (verb),キボウスル
ニュース,news,ニュース
男女,men and women,ダンジョ
強化,strengthening,キョウカ
保健,health,ホケン
都合,convenience,ツゴウ
近づく,to approach (verb),チカヅク
マイナス,minus,マイナス
面接,interview,メンセツ
当日,on the day,トウジツ
舞台,stage,ブタイ
チェックする,to check (verb),チェックスル
株,stock,カブ
捉える,to capture (verb),トラエル
担当する,to be in charge (verb),タントウスル
豊富な,abundant (adj),ホウフナ
豊富,abundance,ホウフ
了承,consent,リョウショウ
教員,teacher,キョウイン
ライン,line,ライン
通じる,to communicate (verb),ツウジル
担う,to bear (verb),ニナウ
速度,speed,ソクド
子育て,child-rearing,コソダテ
支援する,to support (verb),シエンスル
一言,one word,ヒトコト
参照,reference,サンショウ
需要,demand,ジュヨウ
次第,depending on,シダイ
民族,ethnic group,ミンゾク
結論,conclusion,ケツロン
実態,reality,ジッタイ
プロセス,process,プロセス
薄い,thin (adj),ウスイ
抜ける,to come out (verb),ヌケル
スピード,speed,スピード
画,picture,エ
脂肪,fat,シボウ
関連する,to relate (verb),カンレンスル
取り入れる,to incorporate (verb),トリイレル
水準,standard,スイジュン
スキル,skill,スキル
季節,season,キセツ
芸術,art,ゲイジュツ
鳥,bird,トリ
給付,benefit,キュウフ
若者,youth,ワカモノ
制作,production,セイサク
想像,imagination,ソウゾウ
発行,publication,ハッコウ
臨床,clinical,リンショウ
特性,characteristic,トクセイ
落ち着く,to calm down (verb),オチツク
まるで,as if,マルデ
独立,independence,ドクリツ
窓,window,マド
発展する,to develop (verb),ハッテンスル
各地,various regions,カクチ
ますます,increasingly,マスマス
開催,holding,カイサイ
せい,consequence,セイ
緑,green,ミドリ
及ぶ,to reach (verb),オヨブ
心がける,to keep in mind (verb),ココロガケル
ウマ,horse,ウマ
指摘,pointing out,シテキ
終了する,to end (verb),シュウリョウスル
渡す,to hand over (verb),ワタス
保存,preservation,ホゾン
適正な,appropriate (adj),テキセイナ
適正,appropriateness,テキセイ
建てる,to build (verb),タテル
継続する,to continue (verb),ケイゾクスル
もん,gate,モン
急な,sudden (adj),キュウナ
急,urgent,キュウ
成立する,to be established (verb),セイリツスル
実行する,to execute (verb),ジッコウスル
通知,notification,ツウチ
市長,mayor,シチョウ
甘い,sweet (adj),アマイ
証券,securities,ショウケン
助ける,to help (verb),タスケル
連れる,to take along (verb),ツレル
復興,reconstruction,フッコウ
スペース,space,スペース
施策,measure,シサク
性能,performance,セイノウ
人数,number of people,ニンズウ
素敵な,wonderful (adj),ステキナ
素敵,wonderful,ステキ
床,floor,ユカ
ウイルス,virus,ウィルス
形成,formation,ケイセイ
刺激,stimulus,シゲキ
シリーズ,series,シリーズ
仕様,specification,シヨウ
エリア,area,エリア
向く,to face (verb),ムク
報酬,reward,ホウシュウ
教会,church,キョウカイ
泣く,to cry (verb),ナク
州,state,シュウ
肩,shoulder,カタ
主張,claim,シュチョウ
亡くなる,to die (verb),ナクナル
足りる,to be enough (verb),タリル
減らす,to reduce (verb),ヘラス
退職,retirement,タイショク
分かり,understanding,ワカリ
歌う,to sing (verb),ウタウ
腕,arm,ウデ
出来事,event,デキゴト
感想,impression,カンソウ
容易な,easy (adj),ヨウイナ
容易,ease,ヨウイ
付近, Nearby,フキン